{
  "vertex": "minecraft:core/position_color",
  "fragment": "minecraft:core/position_color",
  "samplers": [
    { "name": "RealSampler", "file": "textures/unknown/huge_texture.png" }
  ],
  "uniforms": [
    {
      "name": "ModelViewMat",
      "type": "matrix4x4",
      "count": 16,
      "values": [
        1.0, 0.0, 0.0, 0.0,
        0.0, 1.0, 0.0, 0.0,
        0.0, 0.0, 1.0, 0.0,
        0.0, 0.0, 0.0, 1.0
      ]
    },
    {
      "name": "ProjMat",
      "type": "matrix4x4",
      "count": 16,
      "values": [
        1.0, 0.0, 0.0, 0.0,
        0.0, 1.0, 0.0, 0.0,
        0.0, 0.0, 1.0, 0.0,
        0.0, 0.0, 0.0, 1.0
      ]
    },
    {
      "name": "ColorModulator",
      "type": "float",
      "count": 4,
      "values": [ 0.5, 0.1, 1.0, 1.0 ]
    },
    {
      "name": "HugeArray",
      "type": "float",
      "count": 1024,
      "values": [
        1.0, 1.0, 1.0, 1.0, 1.0, 1.0, 1.0, 1.0,
        1.0, 1.0, 1.0, 1.0, 1.0, 1.0, 1.0, 1.0
      ]
    }
  ]
}
